City_ID,City,Country,Lat,Lng,Max Temp,Humidity,Cloudiness,Wind Speed,Current Description
0,Mongo,TD,12.1844,18.693,78.37,10,87,8.48,overcast clouds
1,Ambon,ID,-3.6954,128.1814,84.2,74,40,6.91,light rain
2,Gravelbourg,CA,49.8834,-106.5512,15.87,73,3,7.02,clear sky
3,Tarut,SA,26.5733,50.0369,68.0,60,0,9.22,clear sky
4,Ushuaia,AR,-54.8,-68.3,41.0,87,40,11.5,light rain
5,Rikitea,PF,-23.1203,-134.9692,79.38,80,7,13.49,clear sky
6,Puerto Ayora,EC,-0.7393,-90.3518,77.0,93,88,1.01,overcast clouds
7,Ranong,TH,9.9658,98.6348,89.6,58,20,6.91,few clouds
8,Qaanaaq,GL,77.484,-69.3632,1.38,61,62,3.96,broken clouds
9,Portales,US,34.1862,-103.3344,61.0,26,1,10.36,clear sky
10,Mar Del Plata,AR,-38.0023,-57.5575,64.99,77,0,4.61,clear sky
11,Tuktoyaktuk,CA,69.4541,-133.0374,-0.4,85,90,19.57,snow
12,Rocha,UY,-34.4833,-54.3333,62.2,77,5,5.73,clear sky
13,Dingle,PH,10.9995,122.6711,80.46,81,100,13.4,moderate rain
14,Saint-Philippe,RE,-21.3585,55.7679,77.0,57,0,6.91,clear sky
15,Deputatskiy,RU,69.3,139.9,-7.64,83,48,2.46,scattered clouds
16,Tula,RU,54.2044,37.6111,-2.02,87,11,9.48,few clouds
17,Nishihara,JP,26.1842,127.7558,77.0,53,75,13.8,broken clouds
18,Meulaboh,ID,4.1363,96.1285,85.95,62,77,2.1,broken clouds
19,Chuy,UY,-33.6971,-53.4616,63.57,86,5,4.38,clear sky
20,Kargat,RU,55.1956,80.2811,4.73,91,99,17.65,overcast clouds
21,Airai,TL,-8.9266,125.4092,70.88,84,100,0.51,overcast clouds
22,Castro,BR,-24.7911,-50.0119,59.05,80,0,1.43,clear sky
23,Yar-Sale,RU,66.8333,70.8333,-7.4,94,100,18.79,overcast clouds
24,Otta,NO,61.7712,9.5353,24.57,95,100,1.01,overcast clouds
25,Batticaloa,LK,7.7102,81.6924,82.98,67,72,10.27,broken clouds
26,Sao Sebastiao,BR,-23.76,-45.4097,73.26,89,42,1.92,scattered clouds
27,Victoria,HK,22.2855,114.1577,77.0,65,34,4.0,scattered clouds
28,Dunedin,NZ,-45.8742,170.5036,61.0,66,0,10.0,clear sky
29,Bethel,US,41.3712,-73.414,62.6,36,1,11.5,clear sky
30,Kapaa,US,22.0752,-159.319,78.01,83,40,11.5,scattered clouds
31,Saint George,US,37.1041,-113.5841,39.99,93,75,4.61,broken clouds
32,Tiksi,RU,71.6872,128.8694,-9.36,85,100,27.63,overcast clouds
33,Dikson,RU,73.5069,80.5464,-16.06,93,100,27.63,overcast clouds
34,Maridi,SS,4.9158,29.4742,72.55,53,77,3.94,broken clouds
35,Jamestown,US,42.097,-79.2353,48.2,81,75,12.5,heavy intensity rain
36,Pontianak,ID,-0.0333,109.3333,87.8,70,75,5.75,broken clouds
37,Starachowice,PL,51.0374,21.0713,39.0,1,100,11.25,overcast clouds
38,Moose Factory,CA,51.2585,-80.6094,15.8,73,90,12.66,light snow
39,Mossendjo,CG,-2.9506,12.7261,71.37,97,100,1.99,overcast clouds
40,Carnarvon,AU,-24.8667,113.6333,89.6,37,0,16.11,clear sky
41,Avarua,CK,-21.2078,-159.775,84.2,61,20,5.75,light rain
42,Tongren,CN,27.7172,109.1853,57.04,85,100,0.16,overcast clouds
43,Cape Town,ZA,-33.9258,18.4232,63.0,72,0,8.05,clear sky
44,East London,ZA,-33.0153,27.9116,66.2,88,75,9.22,broken clouds
45,Port Alfred,ZA,-33.5906,26.891,66.99,87,98,4.0,overcast clouds
46,Kalmunai,LK,7.4167,81.8167,83.14,68,96,9.84,overcast clouds
47,Vardo,NO,70.3705,31.1107,19.4,73,75,32.21,light snow
48,Tasiilaq,GL,65.6145,-37.6368,23.0,54,90,16.11,overcast clouds
49,Geraldton,AU,-28.7667,114.6,84.2,51,69,12.66,broken clouds
50,Markivka,UA,49.5229,39.5705,8.22,80,0,7.31,clear sky
51,Chokurdakh,RU,70.6333,147.9167,-8.64,91,39,7.56,scattered clouds
52,Kodiak,US,57.79,-152.4072,28.4,50,20,27.63,few clouds
53,Aklavik,CA,68.2191,-135.0107,-4.0,71,100,21.85,light snow
54,Busselton,AU,-33.65,115.3333,71.01,53,51,4.0,broken clouds
55,Ostrovnoy,RU,68.0531,39.5131,9.79,88,34,30.89,scattered clouds
56,Chaiyaphum,TH,15.75,102.0,91.54,31,0,10.09,clear sky
57,Hithadhoo,MV,-0.6,73.0833,82.94,65,37,5.53,scattered clouds
58,College,US,64.8569,-147.8028,-4.0,54,75,4.61,broken clouds
59,Georgetown,MY,5.4112,100.3354,91.4,62,20,5.75,few clouds
60,Tumsar,IN,21.3833,79.7333,90.28,19,0,6.87,clear sky
61,Comodoro Rivadavia,AR,-45.8667,-67.5,64.4,42,0,24.16,clear sky
62,Ponta Delgada,PT,37.7333,-25.6667,53.6,87,75,6.91,broken clouds
63,Punta Arenas,CL,-53.15,-70.9167,50.0,76,75,12.66,broken clouds
64,Leningradskiy,RU,69.3833,178.4167,-9.04,67,22,1.48,few clouds
65,Torbay,CA,47.6666,-52.7314,35.01,93,90,14.97,overcast clouds
66,Camacha,PT,33.0833,-16.3333,59.0,77,40,8.05,scattered clouds
67,Ca Mau,VN,9.1769,105.15,92.28,42,39,14.97,scattered clouds
68,Dehloran,IR,32.6941,47.2679,68.22,36,100,15.68,overcast clouds
69,Butaritari,KI,3.0707,172.7902,81.82,75,0,13.22,clear sky
70,Wagga Wagga,AU,-35.1167,147.3667,82.99,54,75,6.91,broken clouds
71,Alta Floresta,BR,-9.8756,-56.0861,67.41,97,65,0.94,broken clouds
72,Liuli,TZ,-11.0833,34.6333,76.15,77,100,3.33,overcast clouds
73,Thompson,CA,55.7435,-97.8558,-14.8,70,1,4.12,clear sky
74,Nhulunbuy,AU,-12.2333,136.7667,87.8,66,75,9.22,broken clouds
75,Zavolzhsk,RU,57.4823,42.1378,-3.44,96,0,6.4,clear sky
76,Albany,US,42.6001,-73.9662,60.8,47,40,12.66,scattered clouds
77,Aniva,RU,46.7144,142.5294,32.0,74,40,15.66,scattered clouds
78,Bambous Virieux,MU,-20.3428,57.7575,79.0,83,75,9.22,light rain
79,Port Elizabeth,ZA,-33.918,25.5701,68.0,83,0,13.8,clear sky
80,Hasaki,JP,35.7333,140.8333,63.0,63,75,4.61,broken clouds
81,Mataura,NZ,-46.1927,168.8643,64.99,62,0,7.0,clear sky
82,Ancud,CL,-41.8697,-73.8203,53.01,100,90,2.3,fog
83,Gat,IL,31.61,34.7642,57.0,100,36,4.0,scattered clouds
84,Ajjampur,IN,13.7281,76.0094,80.51,46,29,5.82,scattered clouds
85,Marshall,US,34.3834,-86.3333,60.8,63,1,4.61,clear sky
86,San Andres,CO,12.5847,-81.7006,78.8,83,40,9.22,scattered clouds
87,Yellowknife,CA,62.456,-114.3525,6.8,72,75,9.22,light snow
88,Tahe,CN,52.3333,124.7333,39.29,67,0,10.8,clear sky
89,Luancheng,CN,37.8792,114.6517,46.4,100,90,6.71,fog
90,Acarau,BR,-2.8856,-40.12,78.26,84,100,10.22,overcast clouds
91,Lompoc,US,34.6391,-120.4579,46.4,76,40,5.32,scattered clouds
92,Atuona,PF,-9.8,-139.0333,79.9,64,35,5.44,scattered clouds
93,Samarai,PG,-10.6167,150.6667,84.63,69,85,5.17,overcast clouds
94,Olafsvik,IS,64.8945,-23.7142,31.62,76,100,39.64,snow
95,Tucuman,AR,-26.8241,-65.2226,77.0,88,90,4.61,moderate rain
96,Sao Filipe,CV,14.8961,-24.4956,69.42,71,54,9.91,broken clouds
97,Udachnyy,RU,66.4167,112.4,0.03,89,100,2.95,overcast clouds
98,Clyde River,CA,70.4692,-68.5914,-5.8,71,90,9.22,overcast clouds
99,Walvis Bay,NA,-22.9575,14.5053,61.0,94,59,11.5,broken clouds
100,Bluff,NZ,-46.6,168.3333,64.99,62,20,7.0,few clouds
101,Bredasdorp,ZA,-34.5322,20.0403,62.6,88,98,4.61,overcast clouds
102,Mangan,IN,27.5167,88.5333,74.44,36,0,4.32,clear sky
103,Vaini,TO,-21.2,-175.2,82.4,74,40,6.91,scattered clouds
104,Nabire,ID,-3.3667,135.4833,83.7,77,30,5.79,scattered clouds
105,Mankono,CI,8.0586,-6.1897,77.23,79,99,4.36,overcast clouds
106,Hobart,AU,-42.8794,147.3294,82.0,47,40,9.22,scattered clouds
107,Barrow,US,71.2906,-156.7887,-9.4,70,1,4.61,clear sky
108,Elk Point,US,42.6833,-96.6836,39.99,60,1,3.44,clear sky
109,Esperance,AU,-33.8667,121.9,60.8,100,90,16.11,light rain
110,Ilulissat,GL,69.2167,-51.1,12.2,48,1,10.36,clear sky
111,Nikolskoye,RU,59.7035,30.7861,23.0,58,90,13.42,overcast clouds
112,Londoko,RU,49.0333,131.9833,35.53,71,13,4.97,few clouds
113,Saldanha,ZA,-33.0117,17.9442,55.4,76,100,2.3,overcast clouds
114,Iquitos,PE,-3.7481,-73.2472,77.0,88,75,4.61,broken clouds
115,Provideniya,RU,64.3833,-173.3,3.2,78,75,4.47,broken clouds
116,Asau,RO,46.4333,26.4,28.99,61,99,5.88,light snow
117,Alofi,NU,-19.0595,-169.9187,82.4,69,20,6.91,few clouds
118,Bowen,AU,-20.0167,148.2333,86.0,62,75,13.8,broken clouds
119,Sembakung,ID,3.8167,117.25,91.72,54,64,2.84,broken clouds
120,Jijiga,ET,9.35,42.8,61.21,63,0,6.91,clear sky
121,Santiago,CL,-33.4569,-70.6483,69.01,63,75,6.91,broken clouds
122,Lincoln,US,40.8,-96.667,44.01,60,1,4.61,clear sky
123,Lebu,CL,-37.6167,-73.65,55.92,81,0,15.14,clear sky
124,Road Town,VG,18.4167,-64.6167,77.0,89,28,1.99,scattered clouds
125,Ganzhou,CN,28.8184,115.4327,62.19,68,38,4.45,scattered clouds
126,Eyl,SO,7.9803,49.8164,75.18,78,8,8.55,clear sky
127,Ribeira Grande,PT,38.5167,-28.7,56.8,77,100,11.45,overcast clouds
128,Matay,EG,28.419,30.7792,56.3,64,76,13.51,broken clouds
129,Carbonia,IT,39.1672,8.5222,48.0,87,20,3.44,few clouds
130,New Norfolk,AU,-42.7826,147.0587,82.0,47,40,9.22,scattered clouds
131,Olga,RU,43.7444,135.2892,47.32,32,5,4.09,clear sky
132,Tarakan,ID,3.3,117.6333,81.36,74,72,4.74,broken clouds
133,Marzuq,YE,14.4,46.4667,65.37,23,0,3.74,clear sky
134,Severo-Kurilsk,RU,50.6789,156.125,24.57,83,87,31.56,light snow
135,Baturaja,ID,-4.1333,104.1667,85.59,68,49,4.7,scattered clouds
136,Hamilton,US,39.1834,-84.5333,57.2,94,90,5.75,mist
137,Burla,IN,21.5,83.8667,82.4,44,40,4.61,haze
138,Gorontalo,ID,0.5412,123.0595,88.92,58,98,4.81,overcast clouds
139,Margate,GB,51.3813,1.3862,42.01,77,50,4.0,scattered clouds
140,Qaqortoq,GL,60.7167,-46.0333,15.8,67,75,3.44,broken clouds
141,Dubti,ET,11.7361,41.0853,73.02,75,0,6.26,clear sky
142,Iqaluit,CA,63.7506,-68.5145,-22.0,69,75,5.75,broken clouds
143,Shenjiamen,CN,29.9576,122.298,52.52,83,11,19.04,few clouds
144,Namie,JP,37.4833,141.0,62.01,66,100,3.0,overcast clouds
145,Elko,US,41.0002,-115.5012,32.0,84,84,5.01,broken clouds
146,Dodola,ET,6.9833,39.1833,50.72,66,0,3.33,clear sky
147,Male,MV,4.1748,73.5089,84.2,74,40,11.5,scattered clouds
148,Noumea,NC,-22.2763,166.4572,84.2,54,75,16.11,broken clouds
149,Konya,TR,38.1667,32.5,28.4,80,40,18.41,scattered clouds
150,Umm Lajj,SA,25.0213,37.2685,75.58,51,0,5.37,clear sky
151,Khatanga,RU,71.9667,102.5,-12.28,86,100,18.68,overcast clouds
152,Muros,ES,42.7762,-9.0603,43.0,95,40,8.28,scattered clouds
153,Newcastle,AU,-32.9272,151.7765,80.01,78,75,8.05,light rain
154,Gizo,SB,-8.103,156.8419,84.65,71,61,5.55,broken clouds
155,Portland,US,45.5234,-122.6762,51.01,55,38,1.68,scattered clouds
156,Reforma,MX,18.1,-91.0167,75.78,70,27,8.3,scattered clouds
157,Broken Hill,AU,-31.95,141.4333,87.8,22,0,8.05,clear sky
158,Vao,NC,-22.6667,167.4833,75.97,75,6,16.06,clear sky
159,Kon Tum,VN,14.35,108.0,91.13,24,1,8.46,clear sky
160,Seguela,CI,7.9611,-6.6731,76.08,83,98,4.47,overcast clouds
161,Zhicheng,CN,30.2956,111.5047,59.0,65,94,3.0,overcast clouds
162,Qujing,CN,25.4833,103.7833,66.94,39,0,12.28,clear sky
163,Anadyr,RU,64.75,177.4833,14.0,62,96,8.95,snow
164,Poya,NC,-21.35,165.15,82.11,63,90,8.9,overcast clouds
165,Yaan,NG,7.3833,8.5667,79.41,73,100,8.55,overcast clouds
166,Tessalit,ML,20.1986,1.0114,59.23,48,0,12.1,clear sky
167,Srivardhan,IN,18.0333,73.0167,82.94,44,0,4.68,clear sky
168,Huarmey,PE,-10.0681,-78.1522,72.18,83,10,7.54,clear sky
169,Chipinge,ZW,-20.1883,32.6236,60.49,97,53,4.29,broken clouds
170,Saskylakh,RU,71.9167,114.0833,-8.41,88,100,16.46,overcast clouds
171,Tocopilla,CL,-22.092,-70.1979,68.02,84,55,1.1,broken clouds
172,Norman Wells,CA,65.282,-126.8329,3.2,72,90,23.02,snow
173,Linxia,CN,35.6003,103.2064,55.47,24,91,9.46,overcast clouds
174,Ambilobe,MG,-13.2,49.05,75.09,92,82,1.36,light rain
175,San Carlos De Bariloche,AR,-41.1456,-71.3082,42.8,81,0,9.22,clear sky
176,Ugoofaaru,MV,5.6667,73.0,83.17,75,45,18.63,scattered clouds
177,Alice Springs,AU,-23.7,133.8833,95.0,31,77,5.75,broken clouds
178,Pisco,PE,-13.7,-76.2167,73.4,83,0,10.36,clear sky
179,Cabo San Lucas,MX,22.8909,-109.9124,68.0,56,20,9.22,few clouds
180,Maralal,KE,1.0968,36.698,57.92,62,60,6.04,broken clouds
181,Angoram,PG,-4.0625,144.0661,83.71,88,74,3.56,light rain
182,Uruguaiana,BR,-29.7547,-57.0883,69.39,49,92,4.12,overcast clouds
183,Pacific Grove,US,36.6177,-121.9166,51.01,84,20,5.01,few clouds
184,Pundaguitan,PH,6.3711,126.1689,80.67,76,92,1.57,overcast clouds
185,Lorengau,PG,-2.0226,147.2712,85.78,61,63,5.57,broken clouds
186,Valle De Allende,MX,26.9333,-105.4,65.26,24,100,12.55,overcast clouds
187,Bonthe,SL,7.5264,-12.505,79.02,84,62,5.57,broken clouds
188,Upernavik,GL,72.7868,-56.1549,-2.43,80,14,1.54,few clouds
189,Lidkoping,SE,58.5052,13.1577,37.4,100,20,14.97,few clouds
190,Ivankiv,UA,50.9386,29.8943,26.6,63,100,22.37,snow
191,Bure,ET,10.7,37.0667,63.7,35,35,2.95,scattered clouds
192,Coos Bay,US,43.3665,-124.2179,46.4,87,1,11.5,clear sky
193,Mahebourg,MU,-20.4081,57.7,78.8,83,75,9.22,light rain
194,Mushie,CD,-3.0167,16.9,73.18,96,98,1.43,moderate rain
195,Hilo,US,19.7297,-155.09,75.2,83,90,9.22,light rain
196,Leshukonskoye,RU,64.8989,45.7622,6.96,93,100,8.59,overcast clouds
197,Arona,ES,28.0996,-16.681,62.6,77,20,10.36,few clouds
198,Ponta Do Sol,PT,32.6667,-17.1,55.0,67,31,1.99,scattered clouds
199,Hobyo,SO,5.3505,48.5268,78.37,79,25,13.62,scattered clouds
200,Husavik,IS,66.0449,-17.3389,32.0,100,90,11.5,snow
201,San Patricio,US,28.017,-97.5169,75.2,88,90,18.41,overcast clouds
202,Erzin,TR,36.9559,36.2,50.0,48,61,15.01,broken clouds
203,Tuatapere,NZ,-46.1333,167.6833,64.99,62,2,7.0,clear sky
204,Shingu,JP,33.7333,135.9833,64.4,63,75,5.75,broken clouds
205,Bathsheba,BB,13.2167,-59.5167,78.8,65,40,19.57,scattered clouds
206,San Quintin,MX,30.4833,-115.95,53.56,66,4,5.03,clear sky
207,Kemijarvi,FI,66.7131,27.4306,11.37,93,100,9.53,overcast clouds
208,Okhotsk,RU,59.3833,143.3,7.66,70,0,18.1,clear sky
209,Bengkulu,ID,-3.8004,102.2655,77.29,85,99,11.16,overcast clouds
210,Bismarck,US,46.8083,-100.7837,28.4,54,75,5.75,broken clouds
211,Asyut,EG,27.181,31.1837,59.0,44,0,9.22,clear sky
212,Altamira,BR,-3.2033,-52.2064,70.72,97,67,1.21,broken clouds
213,Khangarh,PK,29.9173,71.1618,62.6,82,40,6.91,smoke
214,Peleduy,RU,59.6289,112.7406,26.65,87,100,15.73,overcast clouds
215,Bundaberg,AU,-24.85,152.35,84.99,61,90,9.22,overcast clouds
216,Salinopolis,BR,-0.6136,-47.3561,78.03,84,100,4.29,overcast clouds
217,Kavaratti,IN,10.5669,72.642,83.26,70,43,8.84,scattered clouds
218,Amapa,BR,1.0,-52.0,70.79,99,100,1.01,overcast clouds
219,Chimore,BO,-16.9833,-65.1333,75.85,76,76,2.28,broken clouds
220,Cherskiy,RU,68.75,161.3,-3.62,84,75,6.35,broken clouds
221,Zheleznodorozhnyy,RU,55.7503,38.0042,3.2,71,0,8.95,clear sky
222,Caravelas,BR,-17.7125,-39.2481,73.71,89,64,5.35,broken clouds
223,Hofn,IS,64.2539,-15.2082,38.98,68,100,13.15,overcast clouds
224,Adrar,MR,20.5022,-10.0711,60.51,33,6,11.54,clear sky
225,Sola,VU,-13.8833,167.55,89.6,74,75,5.75,broken clouds
226,Puerto Maldonado,PE,-12.6,-69.1833,74.12,86,37,1.19,scattered clouds
227,Souillac,MU,-20.5167,57.5167,78.8,83,75,9.22,light rain
228,Dukat,RU,62.55,155.55,3.36,81,100,6.67,overcast clouds
229,Longyearbyen,SJ,78.2186,15.6401,3.2,55,20,17.27,few clouds
230,Sulangan,PH,11.1373,123.7228,79.56,84,93,20.47,overcast clouds
231,Pemangkat,ID,1.1667,108.9667,86.27,63,1,3.76,clear sky
232,Torrington,US,41.8007,-73.1212,52.0,73,77,1.01,broken clouds
233,Gambo,CF,4.6482,22.2633,68.86,88,84,2.1,broken clouds
234,Hermanus,ZA,-34.4187,19.2345,64.0,86,97,5.99,overcast clouds
235,Ekibastuz,KZ,51.6667,75.3667,5.83,79,34,18.61,scattered clouds
236,Narok,KE,-1.0783,35.8601,55.67,78,58,3.91,broken clouds
237,Faanui,PF,-16.4833,-151.75,83.19,72,55,9.15,light rain
238,Soledad,CO,10.9184,-74.7646,78.8,78,0,16.11,clear sky
239,Fuzhou,CN,26.0614,119.3061,64.4,77,75,6.71,broken clouds
240,Dum Duma,IN,27.5667,95.5667,75.2,64,40,0.76,haze
241,Derzhavinsk,KZ,51.1,66.3167,-12.39,97,78,12.88,broken clouds
242,Yulara,AU,-25.2406,130.9889,95.0,29,92,10.36,overcast clouds
243,Gelemso,ET,8.8167,40.5167,62.94,52,0,7.11,clear sky
244,Newport,GB,51.5877,-2.9984,44.01,89,96,1.01,overcast clouds
245,Flinders,AU,-34.5833,150.8552,73.0,88,79,5.99,broken clouds
246,Nizwa,OM,22.9333,57.5333,80.91,18,1,1.45,clear sky
247,Narsaq,GL,60.9167,-46.05,15.8,67,75,3.44,broken clouds
248,Grindavik,IS,63.8424,-22.4338,33.8,86,75,24.16,broken clouds
249,Mayumba,GA,-3.432,10.6554,79.02,85,98,3.27,overcast clouds
250,Lambarene,GA,-0.7001,10.2406,75.43,95,92,1.63,overcast clouds
251,Baruun-Urt,MN,46.6806,113.2792,37.67,29,0,5.1,clear sky
252,Dubbo,AU,-32.25,148.6167,80.6,57,40,10.36,scattered clouds
253,Jumla,NP,29.2747,82.1838,56.91,23,32,2.89,scattered clouds
254,Tambilil,PH,5.9622,124.6697,84.2,65,75,8.05,broken clouds
255,Sitka,US,57.0531,-135.33,33.8,75,90,4.76,light snow
256,Illapel,CL,-31.6308,-71.1653,59.43,88,1,1.68,clear sky
257,Mirnyy,RU,62.5353,113.9611,23.47,90,100,12.12,light snow
258,Kavieng,PG,-2.5744,150.7967,84.22,62,50,3.94,scattered clouds
259,Walla Walla,US,46.0646,-118.343,42.01,68,0,3.0,clear sky
260,Manzhouli,CN,49.6,117.4333,38.73,38,0,15.35,clear sky
261,Plettenberg Bay,ZA,-34.0527,23.3716,64.98,79,79,4.9,broken clouds
262,Daru,PG,-9.0763,143.2092,83.95,75,97,10.65,overcast clouds
263,Awbari,LY,26.5921,12.7805,56.28,72,84,16.64,broken clouds
264,Pevek,RU,69.7008,170.3133,-13.27,78,1,7.54,clear sky
265,Pangnirtung,CA,66.1451,-65.7125,-17.25,97,92,2.3,overcast clouds
266,Wiset Chai Chan,TH,14.5989,100.3617,99.0,48,0,4.0,clear sky
267,Baikunthpur,IN,23.25,82.55,87.96,20,0,4.36,clear sky
268,Atambua,ID,-9.1061,124.8925,81.52,77,99,2.66,overcast clouds
269,Port-Gentil,GA,-0.7193,8.7815,80.74,81,100,5.41,moderate rain
270,Wick,GB,58.4333,-3.0833,37.4,81,40,16.11,scattered clouds
271,Nsoko,SZ,-27.0333,31.95,69.58,88,51,6.51,broken clouds
272,Kruisfontein,ZA,-34.0033,24.7314,66.99,83,79,3.0,broken clouds
273,Veraval,IN,20.9,70.3667,78.35,56,0,6.08,clear sky
274,Broome,US,42.2506,-75.833,55.0,82,75,10.36,broken clouds
275,Kahului,US,20.8947,-156.47,72.0,94,75,10.36,moderate rain
276,Luwuk,ID,-0.9516,122.7875,85.59,71,98,1.95,light rain
277,Emmett,US,43.8735,-116.4993,44.6,33,1,8.05,clear sky
278,Marsa Matruh,EG,31.3525,27.2453,57.2,58,75,17.27,broken clouds
279,Vanavara,RU,60.34,102.2797,18.57,85,100,11.14,overcast clouds
280,Shache,CN,38.4167,77.2406,55.47,26,100,2.82,overcast clouds
281,Lac Du Bonnet,CA,50.2536,-96.0612,12.99,100,98,5.01,overcast clouds
282,Mareeba,AU,-17.0,145.4333,90.0,55,65,16.11,broken clouds
283,Chapais,CA,49.7834,-74.8492,37.4,75,90,16.11,overcast clouds
284,Arraial Do Cabo,BR,-22.9661,-42.0278,75.9,90,82,13.96,broken clouds
285,Greenville,US,35.6127,-77.3663,61.0,63,1,8.05,clear sky
286,Taoudenni,ML,22.6783,-3.9836,62.74,36,0,15.99,clear sky
287,Misratah,LY,32.3754,15.0925,56.16,66,20,5.35,few clouds
288,Kutum,SD,14.2,24.6667,66.02,13,6,9.8,clear sky
289,Da Nang,VN,16.0678,108.2208,84.2,65,40,6.91,scattered clouds
290,Talnakh,RU,69.4865,88.3972,-24.9,97,100,11.77,overcast clouds
291,Haines Junction,CA,60.7522,-137.5108,23.0,50,99,11.5,overcast clouds
292,Yeppoon,AU,-23.1333,150.7333,89.6,43,11,8.05,few clouds
293,Sinnamary,GF,5.3833,-52.95,77.38,88,100,11.74,light rain
294,Mount Gambier,AU,-37.8333,140.7667,86.0,26,55,16.11,broken clouds
295,Amahai,ID,-3.3333,128.9167,82.62,75,99,2.89,light rain
296,Shaoyang,CN,27.2315,111.4525,60.51,68,76,1.86,broken clouds
297,Namibe,AO,-15.1961,12.1522,74.43,81,74,2.82,broken clouds
298,Kasangulu,CD,-4.5911,15.1708,73.4,88,40,1.14,scattered clouds
299,Rawson,AR,-43.3002,-65.1023,67.24,43,73,11.56,broken clouds
300,Ulladulla,AU,-35.35,150.4667,77.0,73,75,4.61,light rain
301,Kushmurun,KZ,52.4503,64.6311,-0.51,96,100,7.72,light snow
302,Burdur,TR,37.7203,30.2908,30.2,64,0,3.44,clear sky
303,Nouakchott,MR,18.0858,-15.9785,68.0,21,91,6.91,sand
304,Senno,RU,59.5336,33.9167,10.0,65,2,1.99,clear sky
305,Santo Domingo,DO,18.5001,-69.9886,72.0,94,40,6.31,scattered clouds
306,Grand Gaube,MU,-20.0064,57.6608,79.0,78,35,3.0,light rain
307,Fortuna,US,40.5982,-124.1573,48.0,93,75,4.61,broken clouds
308,Kieta,PG,-6.2167,155.6333,84.33,73,68,5.12,light rain
309,Mtwara,TZ,-10.2667,40.1833,75.2,94,20,8.05,few clouds
310,Blue Springs,US,39.0169,-94.2816,48.99,53,75,5.75,broken clouds
311,Quatre Cocos,MU,-20.2078,57.7625,79.0,83,75,9.22,light rain
312,Tomatlan,MX,19.9333,-105.25,64.87,91,0,1.97,clear sky
313,Tiarei,PF,-17.5333,-149.3333,84.0,74,20,12.66,light rain
314,Talcahuano,CL,-36.7167,-73.1167,57.2,88,0,4.61,clear sky
315,Otane,NZ,-39.8833,176.6333,64.99,67,77,5.01,broken clouds
316,Kaitangata,NZ,-46.2817,169.8464,64.99,66,7,5.01,clear sky
317,Ormara,PK,25.2088,64.6357,73.62,75,0,2.68,clear sky
318,Fairlie,GB,55.756,-4.8556,39.99,87,75,18.41,broken clouds
319,Vanimo,PG,-2.6741,141.3028,86.54,63,69,7.02,broken clouds
320,Antofagasta,CL,-23.65,-70.4,68.0,83,0,3.44,clear sky
321,Chimoio,MZ,-19.1164,33.4833,71.6,100,40,2.3,scattered clouds
322,Cockburn Town,TC,21.4612,-71.1419,74.62,81,53,21.52,broken clouds
323,Luanda,AO,-8.8368,13.2343,80.6,83,75,4.61,broken clouds
324,Pouembout,NC,-21.1333,164.9,82.17,65,93,7.72,overcast clouds
325,Mayor Pablo Lagerenza,PY,-19.9309,-60.7718,79.45,44,75,4.29,broken clouds
326,Vestmannaeyjar,IS,63.4427,-20.2734,37.29,65,80,11.68,broken clouds
327,San Nicolas,PH,18.1725,120.5953,89.6,45,20,5.75,few clouds
328,Shamary,RU,57.3434,58.2199,-1.12,96,100,6.62,overcast clouds
329,Karratha,AU,-20.7377,116.8463,92.88,49,3,12.26,clear sky
330,Tilichiki,RU,60.4667,166.1,29.21,95,100,20.4,light snow
331,Los Llanos De Aridane,ES,28.6585,-17.9182,64.4,72,75,9.22,broken clouds
332,Tautira,PF,-17.7333,-149.15,84.0,74,20,12.66,light rain
333,Chegdomyn,RU,51.1167,133.0167,25.9,79,55,4.68,broken clouds
334,Teguise,ES,29.0605,-13.564,59.0,77,0,9.22,clear sky
335,Bafia,CM,4.75,11.2333,70.5,95,71,0.78,broken clouds
336,Half Moon Bay,US,37.4636,-122.4286,48.99,71,1,12.66,clear sky
337,Lata,PT,40.1629,-8.3327,53.01,85,97,1.01,overcast clouds
338,Qovlar,AZ,40.948,45.735,32.0,100,90,4.61,snow
339,Pasni,PK,25.2631,63.471,73.9,76,0,7.49,clear sky
340,Opuwo,NA,-18.0607,13.84,67.17,61,11,4.38,few clouds
341,Mujiayingzi,CN,42.1167,118.7833,36.03,89,100,4.45,overcast clouds
342,Bhandaria,BD,22.4861,90.0609,89.85,39,0,3.62,clear sky
343,Effingham,US,32.3669,-81.3332,60.8,67,1,4.61,clear sky
344,Port Hardy,CA,50.6996,-127.4199,46.4,57,90,11.5,overcast clouds
345,Biak,ID,-0.9131,122.8766,82.89,70,97,1.14,moderate rain
346,Awjilah,LY,29.1081,21.2869,53.33,60,96,10.11,overcast clouds
347,Baoshan,CN,46.5586,131.4244,38.41,59,0,1.25,clear sky
348,Naze,JP,28.3667,129.4833,69.8,88,75,23.02,broken clouds
349,Wake Forest,US,35.9799,-78.5097,62.01,55,1,10.36,clear sky
350,Coahuayana,MX,18.7333,-103.6833,68.88,77,0,3.11,clear sky
351,Ballina,AU,-28.8667,153.5667,82.4,83,90,10.36,light rain
352,Bara,NG,10.3744,10.7288,77.16,39,95,5.14,overcast clouds
353,Praia Da Vitoria,PT,38.7333,-27.0667,55.99,76,75,8.88,broken clouds
354,Bradford,GB,53.7939,-1.7521,41.0,45,77,5.99,broken clouds
355,Navahrudak,BY,53.6,25.8333,29.26,95,100,18.03,light snow
356,Lasa,IT,46.6166,10.7002,39.99,100,40,6.91,scattered clouds
357,Korla,CN,41.7597,86.1469,58.03,27,92,14.32,overcast clouds
358,Pokhara,NP,28.2333,83.9833,81.27,17,0,4.97,clear sky
359,Olinda,BR,-8.0089,-34.8553,80.6,69,40,6.91,scattered clouds
360,Palembang,ID,-2.9167,104.7458,80.6,83,75,5.75,moderate rain
361,Ludvika,SE,60.1496,15.1878,32.0,93,90,2.3,light snow
362,Imbituba,BR,-28.24,-48.6703,69.8,88,0,4.61,clear sky
363,Takoradi,GH,4.8845,-1.7554,78.98,85,100,6.24,overcast clouds
364,Puerto Ayacucho,VE,5.6639,-67.6236,79.11,70,76,2.66,broken clouds
365,Rovaniemi,FI,66.5,25.7167,15.8,86,90,14.97,overcast clouds
366,Formosa,AR,-26.1775,-58.1781,69.8,83,0,3.44,light rain
367,Jalu,LY,29.0331,21.5482,53.04,60,90,10.38,overcast clouds
368,Simga,IN,21.6333,81.7,80.6,47,20,2.3,haze
369,Fairbanks,US,64.8378,-147.7164,-4.0,59,20,6.91,few clouds
370,Unguia,CO,8.0434,-77.0945,73.31,94,98,3.6,overcast clouds
371,Pochutla,MX,15.7432,-96.4661,78.8,73,1,3.62,clear sky
372,Mglin,RU,53.0591,32.8475,18.1,83,100,19.24,overcast clouds
373,Henties Bay,NA,-22.116,14.2845,61.0,95,0,3.0,clear sky
374,Vila Velha,BR,-20.3297,-40.2925,77.0,88,20,3.44,few clouds
375,Ahipara,NZ,-35.1667,173.1667,69.76,70,1,5.06,clear sky
376,Le Moule,GP,16.3332,-61.3473,69.8,88,0,12.41,clear sky
377,Bandarbeyla,SO,9.4942,50.8122,77.67,68,0,8.97,clear sky
378,Khani,GE,41.9563,42.9566,35.6,93,90,10.36,overcast clouds
379,Cabedelo,BR,-6.9811,-34.8339,78.8,89,0,4.61,clear sky
380,Inuvik,CA,68.3499,-133.7218,-4.0,71,100,21.85,light snow
381,Shishou,CN,29.7226,112.419,62.4,58,45,5.46,scattered clouds
382,Mehamn,NO,71.0357,27.8492,22.21,78,76,24.05,broken clouds
383,Honavar,IN,14.2833,74.45,87.12,62,4,2.13,clear sky
384,Dauphin,CA,51.1494,-100.0502,8.6,66,1,8.05,clear sky
385,Kiama,AU,-34.6833,150.8667,77.0,88,84,5.99,light rain
386,High Level,CA,58.5169,-117.136,10.4,72,40,2.19,scattered clouds
387,Mbuji-Mayi,CD,-6.15,23.6,69.3,92,100,3.22,overcast clouds
388,Saint-Augustin,CA,51.226,-58.6502,32.29,98,100,11.1,snow
389,Klaksvik,FO,62.2266,-6.589,39.2,93,75,19.57,broken clouds
390,Ketchikan,US,55.3422,-131.6461,37.4,93,90,3.44,light snow
391,Hamirpur,IN,25.95,80.15,87.78,12,100,10.8,overcast clouds
392,Rongcheng,CN,30.634,117.8517,57.22,72,83,3.27,broken clouds
393,Katsuura,JP,35.1333,140.3,63.0,62,100,16.49,overcast clouds
394,Bagdarin,RU,54.4333,113.6,29.66,71,100,3.62,overcast clouds
395,Cam Ranh,VN,11.9214,109.1591,84.2,61,20,16.11,few clouds
396,Santiago De Cao,PE,-7.9589,-79.2392,74.21,75,99,11.1,overcast clouds
397,Valladolid,ES,41.5833,-4.6667,48.99,87,90,13.8,overcast clouds
398,Ndele,CF,8.4109,20.6473,77.41,38,99,2.86,overcast clouds
399,Cap Malheureux,MU,-19.9842,57.6142,79.0,78,27,3.0,light rain
400,Cidreira,BR,-30.1811,-50.2056,69.08,81,67,2.8,broken clouds
401,Huilong,CN,31.8111,121.655,54.0,79,86,1.99,overcast clouds
402,Hualmay,PE,-11.0964,-77.6139,70.9,88,6,5.26,clear sky
403,Jaguarari,BR,-10.2639,-40.1958,69.4,82,9,7.18,clear sky
404,Coihaique,CL,-45.5752,-72.0662,49.57,98,100,7.16,overcast clouds
405,Kathu,TH,7.9178,98.3332,88.0,55,20,11.5,few clouds
406,Danjiangkou,CN,32.5428,111.5086,55.99,45,10,5.99,clear sky
407,Dickinson,US,29.4608,-95.0513,70.0,94,90,8.05,mist
408,Matamba,TZ,-8.9833,33.9667,54.39,84,76,2.33,broken clouds
409,Almaznyy,RU,48.0448,40.045,6.8,78,0,11.18,clear sky
410,Hovd,MN,48.0056,91.6419,43.9,23,87,7.74,overcast clouds
411,Okmulgee,US,35.6234,-95.9605,51.8,100,90,6.91,overcast clouds
412,Guerrero Negro,MX,27.9769,-114.0611,56.77,80,78,8.77,broken clouds
413,Shilka,RU,51.85,116.0333,30.07,78,0,11.07,clear sky
414,Kemi,FI,65.8596,24.8228,15.8,86,0,10.36,clear sky
415,San Rafael,AR,-34.6177,-68.3301,65.7,34,80,1.52,broken clouds
416,Dargaville,NZ,-35.9333,173.8833,70.61,66,32,9.13,scattered clouds
417,Santa Isabel,BR,-23.3156,-46.2214,71.01,94,0,3.44,moderate rain
418,Vila Franca Do Campo,PT,37.7167,-25.4333,53.6,87,75,6.91,broken clouds
419,Talaya,RU,61.3833,152.75,3.47,83,100,5.35,overcast clouds
420,Urucurituba,BR,-2.6833,-57.6667,70.52,98,92,1.9,overcast clouds
421,Salalah,OM,17.0151,54.0924,68.0,37,0,3.44,clear sky
422,Zholymbet,KZ,51.7433,71.7122,-4.85,93,95,14.7,overcast clouds
423,Nanortalik,GL,60.1432,-45.2371,16.81,81,83,16.17,broken clouds
424,Ahvaz,IR,31.3203,48.6693,73.4,28,90,4.61,overcast clouds
425,Salina Cruz,MX,16.1667,-95.2,77.74,74,0,4.81,clear sky
426,San Francisco,US,37.7749,-122.4194,51.8,62,40,16.11,scattered clouds
427,Papetoai,PF,-17.4961,-149.8729,84.0,74,20,12.66,light rain
428,Estelle,US,29.8458,-90.1067,69.01,100,40,9.22,scattered clouds
429,Waingapu,ID,-9.6567,120.2641,83.61,73,95,7.0,overcast clouds
430,Lamu,KE,-2.2717,40.902,76.91,85,9,4.81,clear sky
431,Mackenzie,CA,55.2999,-123.1698,32.0,47,90,5.75,overcast clouds
432,Uyuni,BO,-20.4597,-66.825,50.04,55,0,15.52,clear sky
433,Dubai,AE,25.2582,55.3047,71.6,30,0,2.3,clear sky
434,Sur,OM,22.5667,59.5289,82.92,36,0,2.91,clear sky
435,Nagaur,IN,27.2,73.7333,79.72,26,0,9.04,clear sky
436,Tutoia,BR,-2.7619,-42.2744,78.12,89,100,11.34,overcast clouds
437,La Paz,BO,-16.5,-68.15,37.4,87,75,3.44,broken clouds
438,Srednekolymsk,RU,67.45,153.6833,-0.31,86,100,6.93,overcast clouds
439,Bertoua,CM,4.5833,13.6833,69.26,95,97,4.36,light rain
440,Egvekinot,RU,66.3167,-179.1667,-16.31,93,24,1.61,few clouds
441,Inirida,CO,3.8653,-67.9239,73.6,89,1,2.26,clear sky
442,Mangrol,IN,21.1167,70.1167,78.3,61,0,5.95,clear sky
443,Coquimbo,CL,-29.9533,-71.3436,60.8,94,0,3.44,clear sky
444,Berlevag,NO,70.8578,29.0864,20.35,82,92,28.05,overcast clouds
445,Acapulco,MX,16.8634,-99.8901,78.8,83,40,5.75,scattered clouds
446,Lima,PE,-12.0432,-77.0282,75.0,83,20,12.66,few clouds
447,Santa Marta,CO,11.2408,-74.199,81.0,65,20,19.57,few clouds
448,Qandala,SO,11.472,49.8728,79.38,45,0,4.52,clear sky
449,Washington,US,47.5001,-120.5015,46.4,46,1,5.75,clear sky
450,Port Macquarie,AU,-31.4333,152.9167,80.6,65,90,10.36,light rain
451,Svetlaya,RU,46.5389,138.3297,36.59,59,0,1.07,clear sky
452,Toowoomba,AU,-27.55,151.9667,80.6,50,90,5.75,overcast clouds
453,Key Largo,US,25.0865,-80.4473,72.0,70,0,4.0,clear sky
454,Dryden,CA,49.7833,-92.7503,12.2,52,1,13.8,clear sky
455,Dinar,TR,38.065,30.1656,30.2,64,0,3.44,clear sky
456,Fukue,JP,32.6881,128.8419,62.6,77,75,9.22,broken clouds
457,Kanniyakumari,IN,8.0833,77.5667,83.44,71,1,17.74,clear sky
458,Leon,MX,21.1167,-101.6667,66.2,22,1,4.21,clear sky
459,Manado,ID,1.487,124.8455,89.6,55,20,3.44,few clouds
460,Eureka,US,40.8021,-124.1637,48.0,82,0,1.01,clear sky
461,Mahenge,TZ,-8.6833,36.7167,63.81,97,92,3.06,overcast clouds
462,Agadez,NE,19.75,10.25,75.0,9,1,8.28,clear sky
463,Luderitz,NA,-26.6481,15.1594,65.91,84,0,6.55,clear sky
464,Kasongo-Lunda,CD,-6.4667,16.8167,71.22,96,95,0.81,overcast clouds
465,Dongsheng,CN,39.8161,109.9776,50.04,47,9,10.33,clear sky
466,Trinidad,BO,-14.8333,-64.9,74.3,88,27,3.18,scattered clouds
467,San Jeronimo,PE,-11.9472,-75.2829,47.23,92,100,4.68,overcast clouds
468,Ostersund,SE,63.1792,14.6357,28.4,93,90,11.5,light snow
469,Vestmanna,FO,62.1564,-7.1664,39.2,93,75,19.57,broken clouds
470,Kropotkin,RU,45.4375,40.5756,19.0,39,94,17.58,overcast clouds
471,Ixtapa,MX,20.7,-105.2,72.0,88,20,2.75,few clouds
472,Keetmanshoop,NA,-26.5833,18.1333,68.0,52,0,2.3,clear sky
473,Katherine,AU,-14.4667,132.2667,89.6,55,75,5.75,broken clouds
474,Lavrentiya,RU,65.5833,-171.0,-6.48,73,0,4.52,clear sky
475,Cubuk,TR,40.2386,33.0322,28.0,68,40,9.22,scattered clouds
476,Mangai,CD,-4.05,19.5333,70.25,99,100,4.25,moderate rain
477,Waipawa,NZ,-41.4122,175.5153,64.99,59,13,18.41,few clouds
478,Andenes,NO,69.3143,16.1194,32.0,69,75,18.41,broken clouds
479,Mendeleyevsk,RU,55.9082,52.2905,1.4,78,0,11.18,clear sky
480,Nome,US,64.5011,-165.4064,-7.6,77,1,3.44,clear sky
481,Havelock,US,34.8791,-76.9013,62.01,77,1,6.91,clear sky
482,Teknaf,BD,20.8624,92.3058,90.25,32,0,5.06,clear sky
483,Maracanau,BR,-3.8767,-38.6256,82.0,83,40,12.66,scattered clouds
484,La Reforma,MX,25.0833,-108.05,66.0,63,34,5.88,scattered clouds
485,Kingman,US,35.1894,-114.053,39.2,65,90,11.5,overcast clouds
486,Lagoa,PT,39.05,-27.9833,55.67,67,100,12.75,overcast clouds
487,Vostok,RU,46.4856,135.8833,28.87,84,79,4.79,broken clouds
488,Sorland,NO,67.667,12.6934,35.04,66,100,18.16,overcast clouds
489,Majene,ID,-3.5403,118.9707,86.97,61,69,6.02,broken clouds
490,Gornopravdinsk,RU,60.05,69.9,-13.2,95,26,5.32,scattered clouds
491,Cayenne,GF,4.9333,-52.3333,77.0,100,75,2.3,moderate rain
492,Cradock,ZA,-32.1642,25.6192,56.12,91,76,3.65,broken clouds
493,Kholodnyy,RU,62.7167,147.95,-2.79,67,50,4.05,scattered clouds
494,Kirakira,SB,-10.4544,161.9205,84.47,74,98,2.82,overcast clouds
495,Zhuravka,UA,50.4811,32.5949,20.32,75,100,15.64,light snow
496,Clifton,US,40.8584,-74.1638,62.6,47,1,5.75,clear sky
497,Inta,RU,66.0317,60.1659,1.33,91,98,20.42,overcast clouds
498,Bardiyah,LY,31.7561,25.0865,54.86,70,2,10.96,clear sky
499,Dicabisagan,PH,17.0818,122.4157,80.89,74,11,9.66,few clouds
500,Carutapera,BR,-1.195,-46.02,75.87,90,100,3.67,overcast clouds
501,Utena,LT,55.5,25.6,29.8,94,100,21.83,snow
502,Pedregulho,BR,-20.2569,-47.4767,63.5,93,78,2.13,broken clouds
503,Inhambane,MZ,-23.865,35.3833,74.86,78,8,4.29,clear sky
504,Mucurapo,TT,10.6667,-61.5333,77.0,83,40,4.61,scattered clouds
505,Tucupita,VE,9.0622,-62.051,70.61,98,8,2.66,clear sky
506,Dabola,GN,10.75,-11.1167,73.53,40,67,2.68,broken clouds
507,Sidrolandia,BR,-20.9319,-54.9614,75.2,78,0,5.75,clear sky
508,Durango,MX,24.8333,-104.8333,56.89,29,100,9.42,overcast clouds
509,Faya,SA,18.3851,42.4509,55.4,82,0,2.8,clear sky
510,Wagar,SD,16.1525,36.2032,69.1,87,0,8.81,clear sky
511,Takab,IR,36.4009,47.1133,38.07,94,100,8.86,overcast clouds
512,Roma,US,43.2128,-75.4557,59.0,63,75,8.05,broken clouds
513,Uvat,RU,59.1433,68.8953,-13.0,94,95,6.15,overcast clouds
514,Te Anau,NZ,-45.4167,167.7167,64.65,49,6,2.46,clear sky
515,Zarechnyy,RU,53.2036,45.1923,-2.49,96,16,1.74,few clouds
516,Greencastle,US,39.6445,-86.8647,52.0,93,40,8.05,scattered clouds
517,Maidstone,GB,51.2667,0.5167,43.0,98,58,1.01,broken clouds
518,Birao,CF,10.2849,22.7882,76.73,18,41,8.28,scattered clouds
519,Gazojak,TM,41.1875,61.4036,45.57,44,100,17.83,overcast clouds
520,Atagay,RU,55.1033,99.3875,27.16,77,100,6.55,overcast clouds
521,Krasnokholm,RU,51.5979,54.1567,-4.63,96,2,5.75,clear sky
522,Hohhot,CN,40.8106,111.6522,48.2,66,0,2.24,clear sky
523,Wakkanai,JP,45.4094,141.6739,37.4,70,40,19.57,scattered clouds
524,Peniche,PT,39.3558,-9.3811,57.0,92,98,5.99,overcast clouds
525,Dharan,NP,26.8125,87.2835,83.43,25,0,5.86,clear sky
526,Loukhi,RU,66.0764,33.0381,7.23,94,99,8.39,overcast clouds
527,Omboue,GA,-1.5746,9.2618,77.32,91,95,2.66,overcast clouds
528,Novovasylivka,UA,46.8315,35.7536,19.62,40,0,9.78,clear sky
529,Borovoy,RU,55.4333,86.0833,23.0,80,40,22.37,snow
530,Pusad,IN,19.9,77.5833,91.26,13,0,10.89,clear sky
531,Aloleng,PH,16.1307,119.7824,86.5,52,22,5.73,few clouds
532,Nova Olinda Do Norte,BR,-3.8881,-59.0942,70.93,98,100,0.31,light rain
533,Finnsnes,NO,69.2296,17.9811,15.8,79,90,5.88,overcast clouds
534,Touros,BR,-5.1989,-35.4608,77.0,83,20,3.44,few clouds
535,Muisne,EC,0.6,-80.0333,76.41,89,99,0.4,moderate rain
536,Yazman,PK,29.1212,71.7446,68.43,49,52,15.95,broken clouds
537,Torres,BR,-29.3353,-49.7269,67.33,84,23,4.21,few clouds
538,Kalabo,ZM,-14.97,22.6814,63.03,81,21,3.83,few clouds
539,Shizunai,JP,42.3339,142.3669,41.43,67,38,12.41,scattered clouds
540,Copiapo,CL,-27.3667,-70.3333,62.6,88,90,5.75,overcast clouds
541,Evensk,RU,61.95,159.2333,19.13,78,100,17.54,overcast clouds
542,Severo-Yeniseyskiy,RU,60.3725,93.0408,16.03,85,88,11.16,overcast clouds
543,Obernai,FR,48.4631,7.481,44.6,65,90,17.27,overcast clouds
544,Kijang,KR,35.2442,129.2139,51.8,82,90,12.66,light rain
545,Waverley,ZA,-25.7023,28.2591,66.2,82,0,9.22,clear sky
546,Natchitoches,US,31.7668,-93.1335,69.8,78,1,3.44,clear sky
547,Cognac,FR,45.5,-0.25,41.0,100,90,3.44,overcast clouds
548,Palana,RU,59.1167,159.9667,21.13,93,100,11.95,light snow
549,Muzhi,RU,65.3667,64.6667,1.8,94,100,9.22,light snow
550,Zonguldak,TR,41.25,31.8333,25.79,92,22,2.37,few clouds
551,San Jose,US,37.3394,-121.895,50.0,66,40,13.8,scattered clouds
552,Arcachon,FR,44.5875,-1.0519,50.0,76,0,5.75,clear sky
553,Tabasalu,EE,59.4303,24.5331,28.4,86,90,14.97,snow
554,Imeni Poliny Osipenko,RU,52.4201,136.4853,30.16,75,17,9.95,few clouds
555,Hami,CN,42.8,93.45,59.13,19,72,12.19,broken clouds
556,Bo Rai,TH,12.5728,102.5371,93.99,70,20,3.44,few clouds
557,Punta Cardon,VE,11.6581,-70.215,76.73,79,0,18.23,clear sky
558,Linqiong,CN,30.4159,103.4609,66.99,77,9,4.74,mist
559,Bulungu,CD,-4.55,18.6,70.59,97,100,1.05,moderate rain
560,Mao,ES,39.8885,4.2658,55.4,94,0,8.05,clear sky
561,Wahiawa,US,21.5028,-158.0236,78.8,88,90,6.91,light rain
562,Isangel,VU,-19.55,169.2667,84.2,65,40,11.5,scattered clouds
563,Namatanai,PG,-3.6667,152.4333,83.52,69,100,3.67,overcast clouds
564,Sassandra,CI,4.95,-6.0833,77.27,92,100,5.57,light rain
565,Veinticinco De Mayo,AR,-35.4323,-60.1727,60.01,83,69,1.01,broken clouds
566,Aksu,CN,41.1231,80.2644,55.92,25,100,2.37,overcast clouds
567,Gazanjyk,TM,39.2446,55.5154,39.74,76,100,12.21,overcast clouds
568,Charters Towers,AU,-20.1,146.2667,88.92,43,4,12.37,clear sky
569,Port Hedland,AU,-20.3167,118.5667,78.8,94,40,8.05,scattered clouds
570,Knyaze-Volkonskoye,RU,48.4642,135.4567,33.8,40,0,17.9,clear sky
571,Melfi,IT,40.9965,15.6514,37.4,87,40,28.77,scattered clouds
572,Ilek,RU,51.5271,53.3831,-3.98,95,0,5.64,clear sky
573,Porto Novo,BJ,6.4965,2.6036,80.55,82,100,6.62,overcast clouds
574,Cahul,MD,45.9075,28.1944,30.38,63,81,19.28,broken clouds
575,Yantal,RU,56.8471,105.2542,25.65,84,100,8.14,overcast clouds
576,Vila Do Maio,CV,15.1333,-23.2167,66.2,82,96,16.11,overcast clouds
577,Ucluelet,CA,48.9329,-125.5528,39.99,84,92,1.72,overcast clouds
578,Kudahuvadhoo,MV,2.6708,72.8944,82.81,70,30,6.15,scattered clouds
579,Bin Qirdan,TN,33.1378,11.2197,50.97,70,20,4.83,few clouds
580,Nieuw Amsterdam,SR,5.8833,-55.0833,78.01,87,93,3.0,overcast clouds
581,Port Lincoln,AU,-34.7333,135.8667,81.81,42,49,10.49,scattered clouds
582,Nola,IT,40.922,14.5329,53.6,71,40,3.44,scattered clouds
583,Mitha Tiwana,PK,32.2486,72.1108,74.19,40,100,8.23,overcast clouds
584,Khash,IR,28.2211,61.2158,60.58,23,0,3.94,clear sky
585,Emba,KZ,48.8264,58.1442,-12.53,95,21,6.22,few clouds
586,Zhigansk,RU,66.7697,123.3711,-3.41,93,100,6.6,overcast clouds
587,Bom Jesus Da Lapa,BR,-13.255,-43.4181,70.65,89,2,3.85,clear sky
588,The Valley,AI,18.217,-63.0578,77.0,73,20,8.05,few clouds
589,Tyrma,RU,50.0833,132.1667,29.01,85,94,4.03,overcast clouds
590,Port-Cartier,CA,50.0334,-66.8654,34.0,100,90,14.97,mist
591,Zabol,AF,32.25,67.25,53.15,28,0,1.97,clear sky
592,Port Keats,AU,-14.25,129.55,90.68,57,24,6.33,few clouds
593,Aykhal,RU,66.0,111.5,4.46,91,100,4.7,overcast clouds
594,Tecoanapa,MX,16.5167,-98.75,76.33,79,0,2.24,clear sky
595,Huanren,CN,41.2647,125.3667,43.47,90,100,1.25,overcast clouds
596,Cochrane,CA,51.1834,-114.4687,33.8,69,90,5.75,overcast clouds
597,Hvide Sande,DK,56.0045,8.1294,41.0,86,100,5.99,overcast clouds
598,Varkkallai,IN,8.7341,76.7067,84.2,70,40,2.3,scattered clouds
599,Bonavista,CA,48.6499,-53.1147,34.0,93,90,6.91,overcast clouds
600,Buchanan,LR,5.8808,-10.0467,77.0,94,20,5.95,few clouds
601,Pitimbu,BR,-7.4706,-34.8086,78.8,89,0,4.61,clear sky
602,Bokoro,TD,12.3807,17.0568,78.08,10,46,8.75,scattered clouds
603,Pangai,TO,-19.8,-174.35,80.6,78,20,9.22,light rain
604,Batavia,US,41.85,-88.3126,42.01,81,1,4.61,clear sky
605,Mayo,US,38.8876,-76.5119,69.8,32,1,5.75,clear sky
606,Providencia,MX,28.7167,-111.5833,57.99,59,88,6.51,overcast clouds
607,Naryan-Mar,RU,67.6713,53.087,7.32,89,93,17.63,overcast clouds
608,Karasjok,NO,69.4719,25.5112,23.0,63,75,8.05,broken clouds
609,Oussouye,SN,12.485,-16.5469,71.6,88,0,5.77,clear sky
610,Tsybuliv,UA,49.0766,29.8461,24.15,73,100,20.71,snow
611,Channel-Port Aux Basques,CA,47.5702,-59.1367,35.44,93,79,8.48,broken clouds
612,Kurchum,KZ,48.5722,83.6542,26.46,84,100,3.47,overcast clouds
613,Pampa,US,35.5362,-100.9599,48.2,71,1,14.97,clear sky
614,Bondo,CD,3.8146,23.6866,69.6,88,100,2.68,overcast clouds
615,Tay Ninh,VN,11.3,106.1,91.9,38,9,7.11,clear sky
616,Codrington,AU,-38.2667,141.9667,84.38,29,31,7.61,scattered clouds
617,Springdale,US,36.1867,-94.1288,54.0,100,90,8.05,overcast clouds
618,Verkhoyansk,RU,67.5447,133.385,-3.48,75,17,8.72,few clouds
619,Paamiut,GL,61.994,-49.6678,17.19,79,100,2.48,light snow
620,Chaman,PK,30.9236,66.4512,62.2,26,0,2.68,clear sky
621,Aitape,PG,-3.1374,142.3475,86.09,66,90,6.4,overcast clouds
622,Perth,AU,-31.9333,115.8333,79.0,60,75,13.8,broken clouds
623,Chaoyang,CN,41.5703,120.4586,45.7,68,97,4.47,overcast clouds
624,Buala,SB,-8.145,159.5921,83.5,74,100,5.73,light rain
625,Qui Nhon,VN,13.7667,109.2333,79.36,74,60,13.56,broken clouds
626,Kidal,ML,18.4411,1.4078,64.47,24,0,14.0,clear sky
627,Teahupoo,PF,-17.8333,-149.2667,84.0,74,20,12.66,light rain
628,Iowa City,US,41.6611,-91.5302,37.4,75,1,3.44,clear sky
629,Lakes Entrance,AU,-37.8811,147.981,79.0,65,6,5.99,clear sky
630,Padang,ID,-0.9492,100.3543,82.4,78,75,3.44,broken clouds
631,Tuensang,IN,26.2833,94.8333,75.13,39,64,1.63,broken clouds
632,Nemuro,JP,43.3236,145.575,39.2,56,20,4.61,few clouds
633,Kaduna,NG,10.5222,7.4383,74.97,57,99,7.14,overcast clouds
634,Tres Arroyos,AR,-38.3739,-60.2798,54.18,57,4,4.83,clear sky
635,Vredendal,ZA,-31.6683,18.5012,64.33,63,68,2.93,broken clouds
636,Mungwi,ZM,-10.1732,31.3694,61.9,93,75,1.99,broken clouds
637,Ampanihy,MG,-24.7,44.75,73.72,79,0,2.26,clear sky
638,Saint-Joseph,RE,-21.3667,55.6167,77.0,57,0,6.91,clear sky
639,El Alto,PE,-4.2714,-81.2147,75.02,78,98,6.49,overcast clouds
640,Arlit,NE,18.7369,7.3853,80.29,10,0,9.24,clear sky
641,Kamiiso,JP,41.8167,140.65,51.8,54,75,8.05,broken clouds
642,Smithers,CA,54.7804,-127.1743,37.4,60,90,2.3,light snow
643,Abu Dhabi,AE,24.4667,54.3667,69.8,46,0,5.75,clear sky
644,Shimoda,JP,34.6667,138.95,60.8,77,75,8.05,moderate rain
645,Alcains,PT,39.9164,-7.4566,50.0,90,58,4.34,broken clouds
646,Kristiinankaupunki,FI,62.2743,21.376,26.04,87,100,15.26,overcast clouds
647,Bilibino,RU,68.0546,166.4372,-6.86,81,30,3.42,scattered clouds
648,Bud,US,39.447,-86.1758,52.0,98,100,3.04,overcast clouds
649,Port Blair,IN,11.6667,92.75,82.4,78,40,8.05,mist
650,Herbrechtingen,DE,48.6217,10.176,37.99,85,53,5.01,broken clouds
651,Pachuca,MX,20.117,-98.7333,53.69,69,0,4.54,clear sky
652,Martinis,RO,46.2333,25.3833,30.0,72,99,1.01,overcast clouds
653,Luangwa,ZM,-15.6167,30.4167,70.34,97,100,1.12,overcast clouds
654,Novikovo,RU,51.1537,37.8879,10.62,72,0,9.37,clear sky
655,Kota Kinabalu,MY,5.9749,116.0724,84.2,84,20,4.61,few clouds
656,Byron Bay,AU,-28.65,153.6167,77.0,83,90,10.36,overcast clouds
657,Saubara,BR,-12.7375,-38.7686,80.6,74,40,9.22,scattered clouds
658,Troitskoye,RU,52.9821,84.6757,23.5,94,100,8.7,snow
659,Acton Vale,CA,45.6501,-72.5658,55.4,58,84,8.05,broken clouds
660,Constitucion,CL,-35.3333,-72.4167,58.75,66,0,7.56,clear sky
661,Ukiah,US,39.1502,-123.2078,50.0,57,1,5.75,clear sky
662,Beyneu,KZ,45.3167,55.2,16.7,46,100,16.64,overcast clouds
663,Vagur,FO,61.4732,-6.8119,42.64,73,47,21.18,scattered clouds
664,Natal,BR,-5.795,-35.2094,80.6,74,20,9.22,few clouds
665,Kuandian,CN,40.7286,124.7847,48.2,71,96,3.18,overcast clouds
666,Vista Hermosa,MX,19.5167,-99.2167,69.8,11,1,8.05,clear sky
667,Finschhafen,PG,-6.6024,147.8681,85.51,67,14,4.45,few clouds
668,Sibu,MY,2.3,111.8167,84.2,74,20,4.61,few clouds
669,Maua,BR,-23.6678,-46.4614,71.01,100,0,1.01,clear sky
670,Champerico,GT,14.3,-91.9167,68.0,94,2,4.45,clear sky
671,Chernyshevskiy,RU,63.0128,112.4714,17.64,91,100,9.48,overcast clouds
672,Maniitsoq,GL,65.4167,-52.9,17.35,87,98,2.19,overcast clouds
